2IR5Cjj7pF,735057799548969,88e144dbd7c105c33cd95e15b0e18b6e,0,327055,pic211.jpg,202407/7350577995489692IR5Cjj7pF_.jpg,202407/7350577995489692IR5Cjj7pF.jpg,2024-07-09 22:40:53,2024-07-09 22:40:53,0,3,3,2,,2
BruwgxB7NJ,735057799548969,a81b82e94aa466286dc761705962d09f,0,572648659,物语系列 外传季&怪物季 愚物语&抚物语-第01集.mp4,202407/735057799548969BruwgxB7NJ.png,202407/735057799548969BruwgxB7NJ.mp4,2024-07-08 15:49:00,2024-07-08 15:49:00,0,1,1,2,,2
ecn1Q0VK82,264959275796677,dca8484b94b1ad067837ee9b910d85e3,0,483552,1003.jpg,202407/264959275796677ecn1Q0VK82_.jpg,202407/264959275796677ecn1Q0VK82.jpg,2024-07-05 16:06:21,2024-07-05 16:06:21,0,3,3,2,,2
FE35ewMnFx,264959275796677,b420df0b9ef80c33bb2af2ba72457ec1,0,810412,1000_HgvPn.jpg,202407/264959275796677SMYMzFPHZJ_.jpg,202407/264959275796677SMYMzFPHZJ.jpg,2024-07-05 16:06:21,2024-07-05 16:06:21,0,3,3,2,,2
fOWv3ZiOiY,735057799548969,,0,,文件夹3,,,2024-07-08 23:22:00,2024-07-08 23:52:53,1,,,2,2024-07-08 23:52:44,2
fPGyMmUrga,735057799548969,84c4bc6ea21a00e686f2a22532b903e0,fOWv3ZiOiY,319927,tu.png,202407/735057799548969fPGyMmUrga_.png,202407/735057799548969fPGyMmUrga.png,2024-07-05 15:10:56,2024-07-05 15:10:56,0,3,3,2,,2
FRK8MgANno,264959275796677,dca8484b94b1ad067837ee9b910d85e3,0,483552,1003_0Colc.jpg,202407/264959275796677ecn1Q0VK82_.jpg,202407/264959275796677ecn1Q0VK82.jpg,2024-07-05 16:06:43,2024-07-05 16:06:43,0,3,3,2,,2
mgABY9gWt8,735057799548969,a4a38b5789cf3f7b36f0089f0abd4fea,0,262293059,我推的孩子 第二季-第01集.mp4,202407/735057799548969mgABY9gWt8.png,202407/735057799548969mgABY9gWt8.mp4,2024-07-08 15:49:12,2024-07-08 15:49:12,0,1,1,2,,2
P8SwXJu15f,264959275796677,90a0fe06f6de2c501b26ff1e6eb0e2f9,0,256,package.json,,202407/264959275796677P8SwXJu15f.json,2024-07-05 16:08:29,2024-07-05 16:08:29,0,5,8,2,,2
SMYMzFPHZJ,264959275796677,b420df0b9ef80c33bb2af2ba72457ec1,0,810412,1000.jpg,202407/264959275796677SMYMzFPHZJ_.jpg,202407/264959275796677SMYMzFPHZJ.jpg,2024-07-05 15:12:23,2024-07-05 15:12:23,0,3,3,2,,2
tu7KcoWodt,735057799548969,,0,,文件夹1,,,2024-07-08 23:21:44,2024-07-08 23:21:44,1,,,2,,2
WufbAUDa8P,735057799548969,,tu7KcoWodt,,文件夹2,,,2024-07-08 23:21:51,2024-07-08 23:21:51,1,,,2,,2
